,mpa_id,wdpa_id,wdpa_pid,name,country,sovereign,designatio,designat_1,designat_2,iucn_categ,status,status_yea,is_mpa,implemente,implementa,no_take,no_take_ar,rep_m_area,calc_m_are,rep_area,calc_area,gov_type,mgmt_auth,mgmt_plan_,fishing,access,constancy,permanence,SHAPE_Leng,SHAPE_Area,geography_area,mmsi_count,in_pre,out_pre,in_post,out_post
0,68808362,555624907,,Marae Moana,COK,COK,Marine Managed Area,Marine Managed Area,National,VI,Designated,2017,0,1,,Not Reported,0.0,1673000.0,1706212.2421,1673000.0,0.0,Collaborative governance,Marae Moana Council,Management plan currently under development,Yes,Yes,Unknown,Unknown,116.579515641,143.8877687,1706196,108,94362,404338,312273,855987
1,9047,555624810,555624810_A,Ross Sea Region [General Protection Zone (i) Ross Sea shelf/slope and Balleny Islands],ABNJ,ABNJ,Marine Protected Area (CCAMLR),Marine Protected Area (CCAMLR),International,Not Reported,Designated,2017,1,1,2017-12-01,All,1555851.0,1555851.0,973704.0,1555851.0,1521512.0,Joint governance,Commission for the Convention on Conservation of Antarctic Marine Living Resources (CCAMLR),https://www.ccamlr.org/en/measure-91-05-2016,No,Unknown,Unknown,Permanent,443.363545793,554.382341324,1555942,11,5876,182278,763,92471
2,15625,555577562,555577562,Natural Park of the Coral Sea,NCL,FRA,Parc Naturel,Natural Park,National,VI,Designated,2014,1,1,2018-03-01,None,28000.0,1292962.0,1294950.0,1292967.0,1291642.0,Sub-national ministry or agency,New Caledonian Government,http://www.affmar.gouv.nc/portal/page/portal/affmar/librairie/fichiers/26486252.PDF,Unknown,Unknown,Unknown,Unknown,71.5502847455,112.435505375,1289995,29,198945,35399,119976,21428
3,9259,555547601,,South Georgia and South Sandwich Islands,SGS,GBR,Marine Protected Area,Marine Protected Area,National,VI,Designated,2012,1,1,,None,0.0,1240000.0,1242752.62718,1240000.0,1246714.50549,Federal or national ministry or agency in charge,Government of South Georgia and South Sandwich Islands (GSGSSI),http://www.gov.gs/docsarchive/Environment/Marine%20Protected%20Area/MPA%20Management%20Plan%20v2.0.pdf,Some Restrictions,Yes,Year-round,Unknown,60.235012613,182.193914785,1246714,25,0,0,145379,297806
4,68819490,555547601,555547601,South Georgia and South Sandwich Islands Marine Protected Area,SGS,GBR,Marine Protected Area,Marine Protected Area,National,VI,Designated,2012,1,1,,Part,302846.0,1240000.0,1065899.0,1240000.0,1069871.0,Federal or national ministry or agency,Government of South Georgia and South Sandwich Islands (GSGSSI),http://www.sgisland.gs/download/MPA/MPA%20Plan%20v1-1.01%20Feb%2027_12.pdf,Unknown,Unknown,Unknown,Unknown,87.9414537181,180.808019208,1237120,25,0,0,143593,299591
5,68808390,0,,Papahānaumokuākea 2016 Expansion,USA,USA,Marine National Monument,Marine National Monument,National,,Designated,2016,1,1,,All,0.0,0.0,0.0,1508870.0,0.0,Partnership,"Department of Commerce, the Department of the Interior, the State of Hawai'i, and Office of Hawaiian Affairs",,Some Restrictions,Unknown,Year-round,Permanent,99.3401511085,103.652012873,1146553,6,954,11818,934,71205
6,68818911,555692282,555692282,Périmètre De Protection De La Réserve Naturelle Nationale Des Terres Australes Françaises,ATF,FRA,Périmètre De Protection D’Une Réserve Naturelle Nationale,Protected Perimeter Around A National Nature Reserve,National,Not Reported,Designated,2017,1,1,,Not Reported,0.0,0.0,989611.0,1010780.0,989611.0,Federal or national ministry or agency,Not Reported,Not Reported,Unknown,Unknown,Unknown,Unknown,120.907548442,109.836845963,988912,3,244,28675,801,14893
7,68808360,345888,345888_F,Terres Australes Françaises [Périmètre de protection de la / Protection Zone around Nature Reserve],ATF,FRA,Réserve Naturelle Nationale,Protection zone around Nature Reserve,National,VI,Designated,2017,0,1,2016-12-16,None,0.0,989787.0,989240.0,989787.0,989240.0,Federal or national ministry or agency,Terres Australes et Antarctiques Françaises,Not Reported,Some Restrictions,Unknown,Year-round,Permanent,120.868836286,109.793048694,988520,2,113,12152,708,11219
8,9178,555624172,555624172,Pitcairn Islands,PCN,GBR,Marine Reserve,Marine Reserve,National,Not Reported,Designated,2016,1,1,,All,836064.0,834334.0,836103.763096,834334.0,839568.0,Not Reported,United Kingdom,In progress – completion 2017,Some Restrictions,Restricted,Unknown,Unknown,37.2142050815,74.2719972409,832732,1,0,10202,5,20698
9,68818983,555697868,555697868,French Austral Lands and Seas,ATF,FRA,World Heritage Site (natural or mixed),World Heritage Site (natural or mixed),International,Not Applicable,Inscribed,2019,1,1,,Not Reported,0.0,0.0,661038.0,672969.0,670029.0,Not Reported,Not Reported,Not Reported,Unknown,Unknown,Unknown,Unknown,70.6367796922,80.6303636054,671825,13,110140,9997,25345,3348
10,68808921,555556875,555556875_B,Coral Sea - Habitat Protection Zone,AUS,AUS,Marine Park,Marine Park,National,IV,Designated,2018,1,1,2018-07-01,None,0.0,0.0,0.0,655129.0,0.0,Federal or national ministry or agency,AU-DOEE,https://parksaustralia.gov.au/marine/management/plans/,Unknown,Unknown,Unknown,Unknown,72.9591233939,55.930011353,655129,12,20848,71778,8777,39273
11,7707499,555512151,555512151,British Indian Ocean Territory Marine Protected Area (Chagos),IOT,GBR,Marine Protected Area,Marine Protected Area,National,Not Reported,Designated,2010,1,1,,All,640000.0,640000.0,642270.0,640000.0,642339.0,Not Reported,UK British Indian Ocean Territory (BIOT) Administration,Not Reported,No,Unknown,Unknown,Unknown,26.2358965072,52.2133180437,638163,5,0,0,185,39763
12,7706819,345888,345888_E,Terres Australes Françaises [Marine Protection Zone],ATF,FRA,Réserve Naturelle Nationale,National Nature Reserve,National,VI,Designated,2016,1,1,2016-12-16,None,0.0,545060.0,545380.0,545060.0,545381.0,Federal or national ministry or agency,Terres Australes et Antarctiques Françaises,Not Reported,Some Restrictions,Unknown,Year-round,Permanent,99.8346193795,65.1406934973,545852,13,72676,12203,53498,10451
13,68807606,555622118,555622118,Palau,PLW,PLW,National Marine Sanctuary Protection Zone,National Marine Sanctuary Protection Zone,National,Not Reported,Designated,2015,1,1,2020-01-01,All,0.0,502538.0,503521.0,502538.0,503521.0,Not Reported,Bureau of Oceanic Fishery Management,Not Reported,No,Restricted,Unknown,Unknown,41.8683584514,39.011081627,477116,78,212120,326270,86,115951
14,68818813,555651558,555651558,Ascension Exclusive Economic Zone,SHN,GBR,Marine Protected Area,Marine Protected Area,National,,Designated,2019,1,1,2020-11-17,Part,0.0,440000.0,448884.0,440000.0,448891.0,Federal or national ministry or agency,Ascension Island Government,https://www.ascension.gov.ac/project/mpa-management-plan,Some Restrictions,Unknown,Unknown,Unknown,21.872726813,36.5916250868,446005,1,317,24965,0,0
15,68808196,0,,St Helena,SHN,GBR,Marine Protection Zone,Marine Protection Zone,National,VI,Designated,2016,1,1,2016-09-15,None,0.0,445000.0,444895.683329,445000.0,0.0,,,http://www.sainthelena.gov.sh/wp-content/uploads/2013/07/Marine-Management-Plan.pdf,Some Restrictions,Unknown,Unknown,Unknown,22.3479447402,37.5750699976,444910,1,0,0,1625,576
16,7705427,555512002,555512002,Phoenix Islands Protected Area,KIR,KIR,World Heritage Site (natural or mixed),World Heritage Site (natural or mixed),International,Not Applicable,Inscribed,2010,0,1,2015-01-01,All,408224.5,0.0,408145.0,408250.0,408258.0,Not Reported,Not Reported,Not Reported,Some Restrictions,Yes,Year-round,Permanent,22.7017031892,33.2626259992,408397,136,136746,1530152,881,2953683
17,68808469,555635930,555635930,Área de Proteção Ambiental do Arquipelago de Trindade e Martim Vaz,BRA,BRA,Área de Proteção Ambiental,Environmental Protection Area,National,V,Designated,2018,1,1,2018-09-18,None,0.0,403846.0,402420.0,403848.0,405906.0,Federal or national ministry or agency,Instituto Chico Mendes de Conservação da Biodiversidade,Not Reported,Unknown,Unknown,Unknown,Unknown,37.4864669704,34.9938229542,403847,15,2454,18892,10254,38814
18,68808468,555635931,555635931,Área De Proteção Ambiental Do Arquipélago De São Pedro E São Paulo,BRA,BRA,Área de Proteção Ambiental,Environmental Protection Area,National,V,Designated,2018,1,1,2018-09-18,None,0.0,384126.0,385198.0,384565.0,387111.0,Federal or national ministry or agency,Instituto Chico Mendes de Conservação da Biodiversidade,Not Reported,Unknown,Unknown,Unknown,Unknown,29.3290223626,31.261580159,384570,10,3871,27209,3434,37711
19,5426,555512001,555512001,Papahanaumokuakea,USA,USA,World Heritage Site,World Heritage Site,International,,Designated,2010,0,1,,Not Reported,0.0,362075.0,0.0,362075.0,335588.341831,Not Reported,Not Reported,Not Reported,Unknown,Unknown,Unknown,Unknown,49.0489651777,30.0130227353,334153,0,0,0,0,0
20,68808296,555624810,555624810_D,Ross Sea Region [Krill Research Zone],ABNJ,ABNJ,Marine Protected Area (CCAMLR),Marine Protected Area (CCAMLR),International,Not Reported,Designated,2017,1,1,2017-12-01,None,328750.0,328750.0,326507.0,328750.0,331890.0,Joint governance,Commission for the Convention on Conservation of Antarctic Marine Living Resources (CCAMLR),https://www.ccamlr.org/en/measure-91-05-2016,Some Restrictions,Unknown,Unknown,Permanent,39.3411733364,64.2867966106,328783,0,0,0,0,0
21,68819076,555703762,555703762,Tuvaijuittuq Marine Protected Area,CAN,CAN,Marine Protected Area By Ministerial Order,Marine Protected Area By Ministerial Order,National,Not Reported,Designated,2019,1,1,,Not Reported,0.0,319411.0,316759.0,319411.0,319581.0,Collaborative governance,Fisheries And Oceans Canada,http://www.dfo-mpo.gc.ca/oceans/mpa-zpm/tuvaijuittuq/index-eng.html,Unknown,Unknown,Unknown,Unknown,242.591681516,231.160836693,319612,0,0,0,0,0
22,68808628,555624307,555624307_B,Pacífico Mexicano Profundo Buffer Zone,MEX,MEX,Reserva de la Biósfera,Biosphere Reserve,National,VI,Designated,2016,1,1,,None,0.0,248370.0,122332.0,248370.0,122332.0,Federal or national ministry or agency,National Commission of Natural Protected Areas,Not Reported,Some Restrictions,Unknown,Unknown,Unknown,81.5459025569,26.5998599199,314242,23,599,27403,9531,164554
23,68808365,555547601,,South Georgia and South Sandwich Islands [No-Take Zones],SGS,GBR,Marine Protected Area,Marine Protected Area,National,Ia,Designated,2012,1,1,,All,309940.487486,303708.0,309940.487486,303708.0,310127.553584,Federal or national ministry or agency in charge,Government of South Georgia and South Sandwich Islands (GSGSSI),http://www.gov.gs/docsarchive/Environment/Marine%20Protected%20Area/MPA%20Management%20Plan%20v2.0.pdf,No,Restricted,Year-round,Unknown,97.527864812,49.172378423,310130,7,0,0,4933,173630
24,9175,555624169,555624169,Nazca-Desventuradas,CHL,CHL,Parque Marino,Marine Park,National,Ia,Designated,2015,1,1,2015-10-05,All,300035.0,300035.0,299912.0,300035.0,299912.0,Federal or national ministry or agency,Servicio Nacional de Pesca (SERNAPESCA),Not Reported,No,Unknown,Year-round,Permanent,24.5041725699,26.8545858828,299006,0,0,0,0,0
25,60009465,555624907,555624907_A,Marae Moana (Cook Islands Marine Park),COK,COK,Marine Park,Marine Park,National,VI,Designated,2017,1,1,,None,0.0,1968938.0,1981964.0,1968938.0,1982029.0,Collaborative governance,Marae Moana Council,Not Reported,Some Restrictions,Restricted,Unknown,Unknown,52.0564333079,21.5079133573,253912,29,4093,189984,3830,325017
26,68808920,555556875,555556875_A,Coral Sea - National Park Zone,AUS,AUS,Marine Park,Marine Park,National,II,Designated,2018,1,1,2018-07-01,All,0.0,238399.0,239755.0,238399.0,239756.0,Federal or national ministry or agency,AU-DOEE,https://parksaustralia.gov.au/marine/management/plans/,Unknown,Unknown,Unknown,Unknown,48.6319145282,20.152473795,238399,0,0,0,0,0
27,68816997,555643549,555643549,Amirantes (Marine) to Fortune Bank (Marine) Area of Outstanding Natural Beauty,SYC,SYC,Area of Outstanding Natural Beauty,Area of Outstanding Natural Beauty,National,Not Reported,Designated,2020,1,1,,Not Reported,0.0,217588.0,217373.0,217588.0,217390.0,Federal or national ministry or agency,"Ministry of Environment, Energy And Climate Change",Not Reported,Unknown,Unknown,Unknown,Unknown,23.5541034707,17.7633731696,217394,116,48166,1670898,27643,375969
28,68808202,0,,The Federal States of Micronesia,FSM,FSM,Marine Protected Area,Marine Protected Area,National,,Designated,2017,1,1,,None,0.0,184948.0,180398.650693,0.0,0.0,,,,Some Restrictions,Unknown,Unknown,Unknown,143.191297695,14.7803606217,180398,9,305,56997,110,94280
29,68807608,0,,Charlie-Gibbs North,ABNJ,ABNJ,Marine Protected Area (OSPAR),Marine Protected Area (OSPAR),International,,Designated,2012,1,1,,None,0.0,178651.0,178093.979419,0.0,0.0,Collaborative management and governance,OSPAR Commission/Contracting Parties; other Cas,http://www.ospar.org,Unknown,Unknown,Unknown,Unknown,25.6384457282,23.8860581305,178162,4,0,0,488,128173
30,68812195,555557228,555557228,Charlie-Gibbs North High Seas MPA,ABNJ,ABNJ,Marine Protected Area (OSPAR),Marine Protected Area (OSPAR),Regional,Not Reported,Designated,2012,1,1,,Not Reported,0.0,178651.0,177411.0,178651.0,177299.0,Collaborative governance,OSPAR Commission,http://mpa.ospar.org/home_ospar/mpa_datasheets,Unknown,Unknown,Unknown,Unknown,25.6384428437,23.8860500014,178096,4,0,0,473,128187
31,9241,555543712,555543712,Motu Motiro Hiva,CHL,CHL,Parque Marino,Marine Park,National,Ia,Designated,2010,1,1,,All,150000.0,150000.0,150118.0,150000.0,150120.0,Federal or national ministry or agency,Servicio Nacional de Pesca (SERNAPESCA),Not Reported,No,Unknown,Unknown,Unknown,15.4573198151,13.6419447364,150095,0,0,0,0,0
32,68813451,555629385,555629385_A,Revillagigedo - Zona Núcleo/Uso Restringido Investigación,MEX,MEX,Parque Nacional,National Park,National,Ia,Designated,2017,1,1,2018-11-30,All,147529.0,147529.0,148628.0,148079.0,148835.0,Federal or national ministry or agency,National Commission of Natural Protected Areas,https://www.conanp.gob.mx/programademanejo/PMPNRevillagigedo.pdf,No,Restricted,Year-round,Permanent,17.0322745582,12.6442741152,147503,10,1934,66700,2,24766
33,67705500,555512241,555512241,Charlie-Gibbs South High Seas MPA,ABNJ,ABNJ,Marine Protected Area (OSPAR),Marine Protected Area (OSPAR),Regional,Not Reported,Designated,2010,1,1,,Not Reported,0.0,145420.0,146438.0,145420.0,146438.0,Collaborative governance,OSPAR Commission/Contracting Parties; other Cas,Not Reported,Some Restrictions,Unknown,Unknown,Unknown,27.4384428447,18.6139499976,146026,9,0,0,1983,263553
34,68809153,555587040,555587040,Agoa,BLM;GLP;MAF;MTQ,FRA,Specially Protected Area (Cartagena Convention),Specially Protected Area (Cartagena Convention),Regional,Not Reported,Designated,2010,0,1,,Not Reported,0.0,143256.0,143828.0,143256.0,144081.0,Not Reported,The French Marine Protected Area Agency,http://www.car-spaw-rac.org/IMG/pdf/Rapport_Sanctuaire_AGOA-3.pdf,Unknown,Unknown,Unknown,Unknown,43.6844499285,12.1123138636,143256,4,0,0,3581,4634
35,68807916,0,,Agoa,FRA,FRA,Sanctuary,Sanctuary,National,,Designated,2010,0,1,,Not Reported,0.0,130000.0,0.0,130000.0,0.0,,,http://www.sanctuaire-agoa.fr/Agoa/Actions,Unknown,Unknown,Unknown,Unknown,38.7705520979,12.1115320754,143246,4,0,0,3581,4634
36,68808861,555556895,555556895_B,Norfolk - Habitat Protection Zone,NFK,AUS,Marine Park,Marine Park,National,IV,Designated,2018,1,1,2018-07-01,None,0.0,138796.0,139254.0,138796.0,139254.0,Federal or national ministry or agency,AU-DOEE,https://parksaustralia.gov.au/marine/management/plans/,Unknown,Unknown,Unknown,Unknown,20.7508617099,13.0262799199,138796,0,0,0,0,0
37,68819192,555705568,555705568,Niue Moana Mahu Marine Protected Area,NIU,NIU,Matakavi puipui mo e leveki,marine protected area,National,Not Reported,Designated,2020,1,1,,All,127000.0,127000.0,129186.0,127000.0,129186.0,Federal or national ministry or agency,"Ministry of Natural Resources, Depatment of Agriculture, Forestry and Fisheries",Not Reported,Unknown,Unknown,Unknown,Unknown,14.2689714805,11.1830343001,129370,9,2510,154527,41,34548
38,68808405,0,,Moana Mahu,NIU,NIU,Marine Protected Area,Marine Protected Area,National,,Designated,2020,1,1,2020-05-01,All,0.0,127000.0,0.0,127000.0,0.0,,,,Yes,,Year-round,Permanent,14.7858903418,10.9452262477,126633,9,2461,164576,0,24590
39,68811315,555514087,555514087,Arquipélago Submarino Do Meteor,PRT,PRT,Área Protegida De Gestão De Recursos,Resource Management Protected Area,National,VI,Designated,2016,1,1,,Not Reported,0.0,0.0,123661.0,123237.0,123661.0,Federal or national ministry or agency,Not Reported,Not Reported,Unknown,Unknown,Unknown,Unknown,22.8281044222,11.8949999977,123347,51,20487,606096,15279,774204
40,68808627,555624307,555624307_A,Pacífico Mexicano Profundo Core Zone,MEX,MEX,Reserva de la Biósfera,Biosphere Reserve,National,Ia,Designated,2016,1,1,,Part,0.0,187771.0,315793.0,187771.0,315793.0,Federal or national ministry or agency,National Commission of Natural Protected Areas,Not Reported,No,Unknown,Unknown,Unknown,53.9487397944,10.3364504815,121694,17,1406,25668,4122,118902
41,68808359,345888,345888_D,Terres Australes Françaises [Strict Marine Protection Zone],ATF,FRA,Réserve Naturelle Nationale,National Nature Reserve,National,Ia,Designated,2016,1,1,2016-12-16,All,120455.375836,120250.0,120378.0,120250.0,120379.0,Federal or national ministry or agency,Terres Australes et Antarctiques Françaises,Not Reported,No,Restricted,Year-round,Permanent,80.5780076119,14.7723368993,120458,5,1205,52025,143,24872
42,68808364,555512160,,Prince Edward Islands - Control Zones,ZAF,ZAF,Marine Protected Area,Marine Protected Area,National,,Designated,2013,1,1,,None,0.0,0.0,113196.513978,0.0,0.0,Federal or national ministry or agency,Department of Environmental Affairs (DEA),https://cer.org.za/wp-content/uploads/2014/02/Regulations-for-the-management-of-Prince-Albert-MPA.pdf,Some Restrictions,Yes,Year-round,Permanent,33.0981405102,13.2679900085,113149,1,258,2441,866,20656
43,68808295,555624810,555624810_E,Ross Sea Region [Special Research Zone],ABNJ,ABNJ,Marine Protected Area (CCAMLR),Marine Protected Area (CCAMLR),International,Not Reported,Designated,2017,1,1,2017-12-01,None,0.0,109563.0,109516.0,109563.0,109516.0,Joint governance,Commission for the Convention on Conservation of Antarctic Marine Living Resources (CCAMLR),https://www.ccamlr.org/en/measure-91-05-2016,Some Restrictions,Unknown,Unknown,Permanent,38.0,34.0,109567,13,5975,214404,995,101625
44,68808841,555556868,555556868_B,Argo-Rowley Terrace - Multiple Use Zone,AUS,AUS,Marine Park,Marine Park,National,VI,Designated,2018,1,1,2018-07-01,None,0.0,109952.0,110577.0,109952.0,110577.0,Federal or national ministry or agency,AU-DOEE,https://parksaustralia.gov.au/marine/management/plans/,Unknown,Unknown,Unknown,Unknown,19.3130073202,9.19789719255,108812,1,1473,11879,0,2490
45,68819010,555703191,555703191,West of Scotland,GBR,GBR,Marine Protected Area,Marine Protected Area,National,Not Reported,Designated,2019,1,1,,Not Reported,0.0,107718.0,107409.0,107718.0,107409.0,Federal or national ministry or agency,Scottish Government,Not Reported,Unknown,Unknown,Unknown,Unknown,23.3101320043,16.6365555534,107738,75,14004,829407,7383,279924
46,68808867,555556901,555556901_C,South-west Corner - Multiple Use Zone,AUS,AUS,Marine Park,Marine Park,National,VI,Designated,2018,1,1,2018-07-01,None,0.0,121904.0,122154.0,121904.0,122154.0,Federal or national ministry or agency,AU-DOEE,https://parksaustralia.gov.au/marine/management/plans/,Unknown,Unknown,Unknown,Unknown,25.4503505986,10.7201518245,106601,1,0,164,174,6422
47,68813340,555622118,555622118,Palau,PLW,PLW,Commercial Fishing Zone,Commercial Fishing Zone,National,Not Reported,Designated,2015,0,1,2020-01-01,None,0.0,0.0,0.0,0.0,0.0,Not Reported,Bureau of Oceanic Fishery Management,Not Reported,Yes,No,Unknown,Unknown,12.9169030647,8.61791242322,105018,40,30976,250787,20764,53957
48,68808777,354086,354086_B,Macquarie Island - Habitat Protection Zone,AUS,AUS,Marine Park,Marine Park,National,IV,Designated,2012,1,1,2013-07-01,None,0.0,104758.0,104492.0,104758.0,104492.0,Federal or national ministry or agency,AU-DOEE,https://parksaustralia.gov.au/marine/management/plans/,Unknown,Unknown,Unknown,Unknown,27.2470020631,15.1745029094,104758,0,0,0,0,0
49,68808866,555556901,555556901_B,South-west Corner - Habitat Protection Zone,AUS,AUS,Marine Park,Marine Park,National,IV,Designated,2018,1,1,2018-07-01,None,0.0,95087.0,95270.0,95087.0,95270.0,Federal or national ministry or agency,AU-DOEE,https://parksaustralia.gov.au/marine/management/plans/,Unknown,Unknown,Unknown,Unknown,13.4601157676,9.59759269559,95087,0,0,0,0,0
50,7705283,478191,478191,South Orkney Islands Southern Shelf Marine Protected Area,ABNJ,ABNJ,Marine Protected Area (CCAMLR),Marine Protected Area (CCAMLR),Regional,Not Reported,Designated,2010,1,1,2010-05-01,All,93818.88,93818.0,93274.0,93818.0,93274.0,Joint governance,Commission for the Convention on Conservation of Antarctic Marine Living Resources (CCAMLR),Not Reported,No,Unknown,Year-round,Permanent,20.0,16.5000000002,93786,0,0,0,0,0
51,5499,555512240,555512240,MAR North of the Azores High Seas MPA,ABNJ,ABNJ,Marine Protected Area (OSPAR),Marine Protected Area (OSPAR),Regional,Not Reported,Designated,2010,1,1,,Not Reported,0.0,93572.0,93595.0,93572.0,93595.0,Collaborative governance,OSPAR Commission/Contracting Parties; other Cas,Not Reported,Yes,Yes,Unknown,Unknown,17.800000001,10.4999999996,93572,22,0,0,3356,570127
52,68818608,555624907,555624907_F,Marine Protected Area (Aitutaki & Ngaputora),COK,COK,Marine Conservation Zone,Marine Conservation Zone,National,IV,Designated,2017,1,1,,None,0.0,86674.0,87106.0,86674.0,87127.0,Collaborative governance,Marae Moana Council,Not Reported,Unknown,Unknown,Unknown,Unknown,12.6975746069,7.46114550871,86673,5,345,40901,772,55840
53,68813307,555624810,555624810_B,Ross Sea Region [General Protection Zone (ii) Seamount Range],ABNJ,ABNJ,Marine Protected Area (CCAMLR),Marine Protected Area (CCAMLR),International,Not Reported,Designated,2017,1,1,2017-12-01,All,74765.0,74765.0,74472.0,74765.0,74472.0,Joint governance,Commission for the Convention on Conservation of Antarctic Marine Living Resources (CCAMLR),https://www.ccamlr.org/en/measure-91-05-2016,No,Unknown,Unknown,Permanent,15.0,12.5,74767,0,0,0,0,0
54,68817019,555643633,555643633,Mers Celtiques - Talus du golfe de Gascogne,FRA,FRA,Special Protection Area (Birds Directive),Special Protection Area (Birds Directive),Regional,Not Reported,Designated,2018,1,1,,Not Reported,0.0,0.0,71621.0,71860.0,71660.0,Federal or national ministry or agency,Not Reported,Not Reported,Unknown,Unknown,Unknown,Unknown,21.6403496319,8.53002830523,71600,497,801814,4125833,637701,2778785
55,12429,555514309,555514309,Mayotte,MYT,FRA,Parc Naturel Marin,Marine Nature Park,National,V,Designated,2010,1,1,,Not Reported,0.0,0.0,68762.0,68381.0,68801.0,Federal or national ministry or agency,Not Reported,Not Reported,Unknown,Unknown,Unknown,Unknown,12.7125996106,5.70195351066,68382,2,0,0,165,40186
56,68808474,555635929,555635929,"Monumento Natural Das Ilhas de Trindade, Martim Vaz e Do Monte Columbia",BRA,BRA,Monumento Natural,Natural Monument,National,III,Designated,2018,1,1,2018-03-19,All,67679.2,67679.0,67989.0,67679.0,67994.0,Federal or national ministry or agency,Instituto Chico Mendes de Conservação da Biodiversidade,Not Reported,Unknown,Unknown,Unknown,Unknown,13.846723271,5.85481419011,67683,4,534,5873,1058,20973
57,68808993,555556875,555556875_C,Coral Sea - Special Purpose Zone (Trawl),AUS,AUS,Marine Park,Marine Park,National,VI,Designated,2018,1,1,2018-07-01,None,0.0,66480.0,66810.0,66480.0,66810.0,Federal or national ministry or agency,AU-DOEE,https://parksaustralia.gov.au/marine/management/plans/,Unknown,Unknown,Unknown,Unknown,19.6423802318,5.78820439819,66480,11,2969,88174,3286,52228
58,68819354,555714943,555714943,Novosibirskie ostrova,RUS,RUS,Novosibirskie o trova,State Natural Zakaznik,National,Ib,Designated,2018,1,1,,Not Reported,0.0,48941.0,45857.0,65944.0,65399.0,Federal or national ministry or agency,Federal Executive Authority and FSBI,Not Reported,Unknown,Unknown,Unknown,Unknown,47.3500645536,21.6501714528,65757,0,0,0,0,0
59,68818537,555556896,555556896_C,Oceanic Shoals,AUS,AUS,Australian Marine Park,Australian Marine Park,National,VI,Designated,2018,1,1,,None,0.0,64408.0,64807.0,64408.0,64807.0,Federal or national ministry or agency,AU-DOEE,https://parksaustralia.gov.au/marine/pub/plans/north-management-plan-2018.pdf,Unknown,Unknown,Unknown,Unknown,14.6703585347,5.33692472989,64408,3,433,12063,1290,4925
60,7705440,555512160,,Prince Edward Islands - Restricted Zones,ZAF,ZAF,Marine Protected Area,Marine Protected Area,National,,Designated,2013,1,1,,None,0.0,181229.0,64303.161824,181229.0,181940.545001,Federal or national ministry or agency,Department of Environmental Affairs (DEA),https://cer.org.za/wp-content/uploads/2014/02/Regulations-for-the-management-of-Prince-Albert-MPA.pdf,Some Restrictions,Yes,Year-round,Permanent,25.4481457427,7.63789007791,64333,1,720,1979,3738,17784
61,68808858,555556888,555556888_C,Kimberley - Multiple Use Zone,AUS,AUS,Marine Park,Marine Park,National,VI,Designated,2018,1,1,2018-07-01,None,0.0,62411.0,62773.0,62411.0,62773.0,Federal or national ministry or agency,AU-DOEE,https://parksaustralia.gov.au/marine/management/plans/,Unknown,Unknown,Unknown,Unknown,18.7760979363,5.2520386603,62411,3,2879,14270,932,11355
62,68808844,555556874,555556874_B,Central Eastern - Habitat Protection Zone,AUS,AUS,Marine Park,Marine Park,National,IV,Designated,2018,1,1,2018-07-01,None,0.0,61336.0,61539.0,61336.0,61539.0,Federal or national ministry or agency,AU-DOEE,https://parksaustralia.gov.au/marine/management/plans/,Unknown,Unknown,Unknown,Unknown,19.1229776369,5.75235402231,61336,11,5242,77611,3104,49992
63,7705150,354086,354086_A,Macquarie Island - Sanctuary Zone,AUS,AUS,Marine Park,Marine Park,National,Ia,Designated,2012,1,1,2013-07-01,All,57137.0,57137.0,57003.0,57137.0,57003.0,Federal or national ministry or agency,AU-DOEE,https://parksaustralia.gov.au/marine/management/plans/,No,Yes,Year-round,Permanent,15.3492174077,8.06570571292,57137,0,0,0,0,0
64,5147,354083,354083_A,Freycinet - Marine National Park Zone,AUS,AUS,Marine Park,Marine Park,National,II,Designated,2012,1,1,2013-07-01,All,56792.0,56792.0,56830.0,56792.0,56830.0,Federal or national ministry or agency,AU-DOEE,https://parksaustralia.gov.au/marine/management/plans/,No,Restricted,Year-round,Permanent,11.2907943787,6.19073737338,56792,0,0,0,0,0
65,68809048,555556866,555556866_C,Abrolhos - Multiple Use Zone,AUS,AUS,Marine Park,Marine Park,National,VI,Designated,2018,1,1,2018-07-01,None,0.0,0.0,0.0,56544.0,0.0,Federal or national ministry or agency,AU-DOEE,https://parksaustralia.gov.au/marine/management/plans/,Unknown,Unknown,Unknown,Unknown,18.5444419378,5.17726853875,56544,3,41,303,637,8033
66,68808859,555556890,555556890_B,Lord Howe - Habitat Protection Zone,AUS,AUS,Marine Park,Marine Park,National,IV,Designated,2018,1,1,2018-07-01,None,0.0,61191.0,61355.0,61191.0,61355.0,Federal or national ministry or agency,AU-DOEE,https://parksaustralia.gov.au/marine/management/plans/,Unknown,Unknown,Unknown,Unknown,10.9321050663,5.32540595575,54884,5,454,47009,92,30671
67,15013,555556901,555556901_A,South-west Corner - National Park Zone,AUS,AUS,Marine Park,Marine Park,National,II,Designated,2018,1,1,2018-07-01,All,128677.0,54841.0,54958.0,54841.0,54958.0,Federal or national ministry or agency,AU-DOEE,https://parksaustralia.gov.au/marine/management/plans/,Unknown,Unknown,Unknown,Unknown,25.2350925464,5.46439289598,54841,0,0,0,0,0
68,9049,0,,Russian Arctic (Franz Josef Land),RUS,RUS,National Park,,National,,Designated,2016,1,1,2016-08-25,All,66000.0,66000.0,0.0,88000.0,0.0,,,,No,Unknown,Unknown,Unknown,229.272777463,26.1586517095,52280,0,0,0,0,0
69,68808585,555621413,555621413,Common fishery right area(Hokkaido),JPN,JPN,共同漁業権区域,Common fishery right area,National,VI,Designated,2013,1,1,,Not Reported,0.0,48636.0,48468.0,48636.0,48673.0,Federal or national ministry or agency,"Ministry of Agriculture, Forestry and Fisheries",Not Reported,Unknown,Unknown,Unknown,Unknown,73.6384603715,5.39475834899,48664,118,1381,38898,94153,628695
70,68816537,555597297,555597297,Martinique,MTQ,FRA,Parc Naturel Marin,Marine Nature Park,National,V,Designated,2017,1,1,,Not Reported,0.0,0.0,47718.0,47814.0,47821.0,Federal or national ministry or agency,Not Reported,Not Reported,Unknown,Unknown,Unknown,Unknown,17.4974328389,3.99488556012,47527,3,0,0,2545,4891
71,68808176,0,,Galápagos,ECU,ECU,Marine Sanctuary,Marine Sanctuary,,,Designated,2016,1,1,,All,47000.0,47000.0,47128.4958267,47000.0,0.0,,,,No,Unknown,Unknown,Unknown,20.630627686,3.83551846552,47199,0,0,0,0,0
72,68808475,555635928,555635928,Monumento Natural Do Arquipélago De São Pedro E São Paulo,BRA,BRA,Monumento Natural,Natural Monument,National,III,Designated,2018,1,1,2018-03-19,All,47191.4,47191.0,47554.0,47191.0,47554.0,Federal or national ministry or agency,Instituto Chico Mendes de Conservação da Biodiversidade,Not Reported,Unknown,Unknown,Unknown,Unknown,8.32815002986,3.83415464864,47191,2,145,3188,1,13531
73,68816523,555596226,555596226,Corredor De Migracion De Cetaceos Del Mediterraneo,ESP,ESP,Área Marina Protegida,Marine Protected Area,National,VI,Designated,2018,1,1,,Not Reported,0.0,0.0,46409.0,46613.0,46419.0,Federal or national ministry or agency,Not Reported,Not Reported,Unknown,Unknown,Unknown,Unknown,12.1823675281,4.91776649161,46334,146,84979,533961,61262,386188
74,68818606,555624907,555624907_D,Marine Protected Area (Pukapuka/ Nassau),COK,COK,Marine Conservation Zone,Marine Conservation Zone,National,IV,Designated,2017,1,1,,None,0.0,31362.0,45090.0,31362.0,45097.0,Collaborative governance,Marae Moana Council,Not Reported,Unknown,Unknown,Unknown,Unknown,7.53865459248,3.71007023946,44817,9,1297,34231,538,67319
75,15124,555559749,555559749,Glorieuses,MYT,FRA,Parc Naturel Marin,Marine Nature Park,National,V,Designated,2012,1,1,,Not Reported,0.0,0.0,43776.0,43000.0,43780.0,Federal or national ministry or agency,Not Reported,Not Reported,Unknown,Unknown,Unknown,Unknown,7.48161508501,3.60690840799,43509,2,0,0,2027,7840
76,15007,555556895,555556895_A,Norfolk - National Park Zone,NFK,AUS,Marine Park,Marine Park,National,II,Designated,2018,1,1,2018-07-01,All,41661.0,41660.0,41827.0,41660.0,41827.0,Federal or national ministry or agency,AU-DOEE,https://parksaustralia.gov.au/marine/management/plans/,Unknown,Unknown,Unknown,Unknown,7.86890894761,3.78107425106,41660,0,0,0,0,0
77,68808957,555556896,,Oceanic Shoals - Multiple Use Zone,AUS,AUS,Marine Park,Marine Park,National,VI,Designated,2012,1,1,2018-07-01,None,0.0,0.0,0.0,39963.0,0.0,Federal or national ministry or agency,AU-DOEE,https://parksaustralia.gov.au/marine/management/plans/,Unknown,Unknown,Unknown,Unknown,11.7537907755,3.31445373502,39963,2,390,14428,81,2409
78,68808860,555556890,555556890_C,Lord Howe - Multiple Use Zone,AUS,AUS,Marine Park,Marine Park,National,VI,Designated,2018,1,1,2018-07-01,None,0.0,39661.0,39794.0,39661.0,39794.0,Federal or national ministry or agency,AU-DOEE,https://parksaustralia.gov.au/marine/management/plans/,Unknown,Unknown,Unknown,Unknown,10.686111116,3.71280092109,39661,5,1203,47525,559,25847
79,68808850,555556879,555556879_B,Gascoyne - Habitat Protection Zone,AUS,AUS,Marine Park,Marine Park,National,IV,Designated,2018,1,1,2018-07-01,None,0.0,38982.0,39170.0,38982.0,39170.0,Federal or national ministry or agency,AU-DOEE,https://parksaustralia.gov.au/marine/management/plans/,Unknown,Unknown,Unknown,Unknown,8.73364075455,3.41220724229,38982,0,0,0,0,0
80,68808625,555624306,555624306_A,Caribe Mexicano Buffer Zone,MEX,MEX,Reserva de la Biósfera,Biosphere Reserve,National,VI,Designated,2016,1,1,2018-11-30,None,0.0,38025.0,38500.0,38214.0,38809.0,Federal or national ministry or agency,National Commission of Natural Protected Areas,Not Reported,Unknown,Unknown,Unknown,Unknown,25.7754149424,3.29578884486,38248,0,0,0,0,0
81,68813244,555637331,555637331,Amazon Estuary and its Mangroves,BRA,BRA,"Ramsar Site, Wetland of International Importance","Ramsar Site, Wetland of International Importance",International,VI,Designated,2018,1,1,,Not Reported,0.0,0.0,11751.0,38304.0,38304.0,Federal or national ministry or agency,Not Reported,Not Reported,Unknown,Unknown,Unknown,Unknown,113.319288005,3.09221115994,38048,0,0,0,0,0
82,68818604,555624907,555624907_B,Marine Protected Area (Rakahanga/ Manihiki),COK,COK,Marine Conservation Zone,Marine Conservation Zone,National,IV,Designated,2017,1,1,,None,0.0,37690.0,37919.0,37690.0,37927.0,Collaborative governance,Marae Moana Council,Not Reported,Unknown,Unknown,Unknown,Unknown,6.73229374326,3.11029945984,37689,12,751,76701,789,151168
83,68818600,555624872,555624872,Southern North Sea,GBR,GBR,Marine Protected Area (OSPAR),Marine Protected Area (OSPAR),Regional,Not Assigned,Designated,2017,1,1,,Not Reported,0.0,36982.0,36863.0,36982.0,36875.0,Collaborative governance,OSPAR Commission,http://mpa.ospar.org/home_ospar/mpa_datasheets,Unknown,Unknown,Unknown,Unknown,16.3381102271,5.0090485484,36937,285,165831,1453252,172974,1505099
84,14980,555556868,555556868_A,Argo-Rowley Terrace - National Park Zone,AUS,AUS,Marine Park,Marine Park,National,II,Designated,2018,1,1,2018-07-01,All,62721.0,36050.0,36263.0,36050.0,36263.0,Federal or national ministry or agency,AU-DOEE,https://parksaustralia.gov.au/marine/management/plans/,Unknown,Unknown,Unknown,Unknown,9.10680815123,3.02063969305,36050,0,0,0,0,0
85,68808337,0,,American Samoa,ASM,USA,National Marine Sanctuary,National Marine Sanctuary,,,Designated,2012,1,1,2012-10-15,None,0.0,35175.0,0.0,35175.0,0.0,Joint,NOAA and AS Dept of Commerce,http://americansamoa.noaa.gov/management/pdfs/fbnms_mp_eis.pdf,Some Restrictions,Unknown,Year-round,Permanent,8.25378865209,2.94519139125,35121,0,0,0,0,0
86,68808851,555556879,555556879_C,Gascoyne - Multiple Use Zone,AUS,AUS,Marine Park,Marine Park,National,VI,Designated,2018,1,1,2018-07-01,None,0.0,33651.0,33817.0,33651.0,33817.0,Federal or national ministry or agency,AU-DOEE,https://parksaustralia.gov.au/marine/management/plans/,Unknown,Unknown,Unknown,Unknown,11.2039640364,2.93326796337,33651,0,0,0,0,0
87,68818605,555624907,555624907_C,Marine Protected Area (Penrhyn),COK,COK,Marine Conservation Zone,Marine Conservation Zone,National,IV,Designated,2017,1,1,,None,0.0,32766.0,32817.0,32766.0,32825.0,Collaborative governance,Marae Moana Council,Not Reported,Unknown,Unknown,Unknown,Unknown,6.4125642756,2.68200303442,32616,11,691,99788,334,148977
88,68818607,555624907,555624907_E,Marine Protected Area (Suwarrow),COK,COK,Marine Conservation Zone,Marine Conservation Zone,National,IV,Designated,2017,1,1,,None,0.0,31274.0,31550.0,31274.0,31551.0,Collaborative governance,Marae Moana Council,Not Reported,Unknown,Unknown,Unknown,Unknown,6.23113140819,2.61607032269,31361,11,870,60106,1315,106018
89,68813245,555637432,555637432,Patagonia Azul,ARG,ARG,Reserva de la Biósfera,UNESCO-MAB Biosphere Reserve,International,Not Applicable,Designated,2015,0,1,,Not Reported,0.0,0.0,17764.0,31020.0,30595.0,Not Reported,Not Reported,Not Reported,Unknown,Unknown,Unknown,Unknown,8.64896234343,3.47750927767,30596,93,28824,388063,39375,968009
90,68818610,555624907,555624907_H,Marine Protected Area (Rarotonga),COK,COK,Marine Conservation Zone,Marine Conservation Zone,National,IV,Designated,2017,1,1,,None,0.0,30084.0,30230.0,30084.0,30233.0,Collaborative governance,Marae Moana Council,Not Reported,Unknown,Unknown,Unknown,Unknown,6.08017852594,2.61763272035,30084,1,0,12038,16,18852
91,68808956,555556875,,Coral Sea - Habitat Protection Zone (Reefs),AUS,AUS,Marine Park,Marine Park,National,IV,Designated,2012,1,1,2018-07-01,None,0.0,0.0,0.0,29826.0,0.0,Federal or national ministry or agency,AU-DOEE,https://parksaustralia.gov.au/marine/management/plans/,Unknown,Unknown,Unknown,Unknown,18.3193282867,2.5412293409,29826,0,0,0,0,0
92,68818611,555624907,555624907_I,Marine Protected Area (Palmerston),COK,COK,Marine Conservation Zone,Marine Conservation Zone,National,IV,Designated,2017,1,1,,None,0.0,29780.0,29940.0,29780.0,29942.0,Collaborative governance,Marae Moana Council,Not Reported,Unknown,Unknown,Unknown,Unknown,5.97961850561,2.54130620013,29780,9,258,58518,1381,124975
93,68818609,555624907,555624907_G,Marine Protected Area (Mangaia),COK,COK,Marine Conservation Zone,Marine Conservation Zone,National,IV,Designated,2017,1,1,,None,0.0,29506.0,29633.0,29506.0,29649.0,Collaborative governance,Marae Moana Council,Not Reported,Unknown,Unknown,Unknown,Unknown,5.96746808827,2.57929448303,29505,0,0,0,0,0
94,68813461,555643543,555643543,Kawésqar,CHL,CHL,Parque Nacional,National Park,National,Not Reported,Designated,2019,1,1,,Not Reported,0.0,0.0,3544.0,23138.0,27890.0,Federal or national ministry or agency,Corporación Nacional Forestal (CONAF),Not Reported,Unknown,Unknown,Unknown,Unknown,443.924555346,3.69996201528,27976,0,0,0,0,0
95,5153,354089,354089,South Tasman Rise - Special Purpose Zone,AUS,AUS,Marine Park,Marine Park,National,VI,Designated,2012,1,1,2013-07-01,None,0.0,27704.0,27696.0,27704.0,27696.0,Federal or national ministry or agency,AU-DOEE,https://parksaustralia.gov.au/marine/management/plans/,Some Restrictions,Unknown,Unknown,Unknown,9.57888042362,3.23426150879,27704,0,0,0,0,0
96,68813099,555624884,555624884,Reserve Aquatique du Grand Sud du Gabon,GAB,GAB,Réserve Aquatique,Aquatic Reserve,National,Not Assigned,Designated,2017,1,1,,Not Reported,0.0,27518.0,27694.0,27518.0,27694.0,Federal or national ministry or agency,Agence Nationale des Parcs Nationaux,Currently being developed,Unknown,Unknown,Unknown,Unknown,8.50464499981,2.24463129915,27511,10,3734,160225,2345,89723
97,68813217,555636046,555636046,Yurupari - Malpelo,COL,COL,Distritos Nacionales de Manejo Integrado,Integrated Management National Districts,National,Not Reported,Designated,2017,1,1,,Not Reported,0.0,0.0,26862.0,26919.0,26987.0,Federal or national ministry or agency,Ministerio de Ambiente y Desarrollo Sostenible,Not Reported,Unknown,Unknown,Unknown,Unknown,6.474444443,2.18796087842,26870,1,369,4538,233,2588
98,68813462,555643544,555643544,Kawésqar,CHL,CHL,Reserva Nacional,National Reserve,National,Not Reported,Designated,2019,1,1,,Not Reported,0.0,26284.0,21394.0,26284.0,26193.0,Federal or national ministry or agency,Corporación Nacional Forestal (CONAF),Not Reported,Unknown,Unknown,Unknown,Unknown,451.92581741,3.4810336895,26346,0,0,0,0,0
99,5145,354081,354081_A,Flinders - Marine National Park Zone,AUS,AUS,Marine Park,Marine Park,National,II,Designated,2012,1,1,2013-07-01,All,25814.0,25814.0,25845.0,25814.0,25845.0,Federal or national ministry or agency,AU-DOEE,https://parksaustralia.gov.au/marine/management/plans/,No,Yes,Year-round,Permanent,10.9552464504,2.72136779411,25814,0,0,0,0,0
100,68819058,555703527,555703527,Yarari,BES,NLD,Sanctuary,Sanctuary,National,Not Reported,Designated,2015,1,1,,None,0.0,25132.0,25112.0,25132.0,25112.0,Federal or national ministry or agency,Not specified.  Coast Guard is responsible for enforcement,In process,Unknown,Unknown,Unknown,Unknown,11.5820123116,2.09156898956,24868,0,0,0,0,0
101,68807889,0,,Yarari,NLD,NLD,Sanctuary,Sanctuary,International,,Designated,2015,0,1,2015-08-31,None,0.0,0.0,0.0,0.0,0.0,,,,Unknown,Unknown,Unknown,Unknown,11.2783141325,2.07266492129,24643,0,0,0,0,0
102,68808958,555556896,,Oceanic Shoals - Special Purpose Zone (Trawl),AUS,AUS,Marine Park,Marine Park,National,VI,Designated,2012,1,1,2018-07-01,None,0.0,0.0,0.0,24444.0,0.0,Federal or national ministry or agency,AU-DOEE,https://parksaustralia.gov.au/marine/management/plans/,Unknown,Unknown,Unknown,Unknown,6.26922281556,2.02247099859,24444,1,687,12665,145,2345
103,68813140,555625732,555625732,Southeast Bahamas Marine Managed Area,BHS,BHS,Marine Managed Area,Marine Managed Area,National,Not Reported,Designated,2015,1,1,,Not Reported,0.0,0.0,24449.0,24527.0,24458.0,Not Reported,Not Yet Designated,Not Reported,Unknown,Unknown,Unknown,Unknown,7.82624875406,2.14309685047,24345,0,0,0,0,0
104,68808977,555556907,,Western Eyre - Special Purpose Zone,AUS,AUS,Marine Park,Marine Park,National,VI,Designated,2012,1,1,2018-07-01,None,0.0,0.0,0.0,24196.0,0.0,Federal or national ministry or agency,AU-DOEE,https://parksaustralia.gov.au/marine/management/plans/,Unknown,Unknown,Unknown,Unknown,10.6889321236,2.35363511586,24196,0,0,0,0,0
105,68808392,555626055,555626055,Mar de Juan Fernández,CHL,CHL,Área Marina Costera Protegida de Múltiples Usos,Coastal Marine Protected Area of Multiple Uses,National,IV,Designated,2017,1,1,,Not Reported,0.0,24000.0,23941.0,24000.0,24006.0,Federal or national ministry or agency,Not Reported,Not Reported,Unknown,Unknown,Unknown,Unknown,12.024406557,2.33165452497,24002,0,0,0,0,0
106,68808366,555547601,,South Georgia and South Sandwich Islands [Benthic Closed Areas],SGS,GBR,Marine Protected Area,Marine Protected Area,National,,Designated,2012,0,1,,None,0.0,12662.0,0.0,0.0,0.0,Federal or national ministry or agency in charge,Government of South Georgia and South Sandwich Islands (GSGSSI),http://www.gov.gs/docsarchive/Environment/Marine%20Protected%20Area/MPA%20Management%20Plan%20v2.0.pdf,Some Restrictions,Yes,Year-round,Unknown,21.612552256,3.19841343204,23704,3,0,0,415,49727
107,68810293,555560485,555560485,North-East Faroe-Shetland Channel,GBR,GBR,Nature Conservation Marine Protected Area,Nature Conservation Marine Protected Area,National,Not Reported,Designated,2014,1,1,,Not Reported,0.0,0.0,23616.0,23747.0,23618.0,Federal or national ministry or agency,Not Reported,Not Reported,Unknown,Unknown,Unknown,Unknown,9.28515031993,4.13513167848,23631,25,222,57614,4681,370470
108,68810538,555583056,555583056,North-east Faroe-Shetland Channel,GBR,GBR,Marine Protected Area (OSPAR),Marine Protected Area (OSPAR),Regional,Not Reported,Designated,2014,1,1,,Not Reported,0.0,23682.0,23587.0,23682.0,23613.0,Collaborative governance,OSPAR Commission,http://mpa.ospar.org/home_ospar/mpa_datasheets,Unknown,Unknown,Unknown,Unknown,9.28380442856,4.13399057926,23625,25,222,57614,4681,370470
109,68808839,555556866,555556866_B,Abrolhos - Habitat Protection Zone,AUS,AUS,Marine Park,Marine Park,National,IV,Designated,2018,1,1,2018-07-01,None,0.0,23238.0,23338.0,23238.0,23338.0,Federal or national ministry or agency,AU-DOEE,https://parksaustralia.gov.au/marine/management/plans/,Unknown,Unknown,Unknown,Unknown,5.84255228972,2.08292519213,23238,1,0,164,178,6418
110,68808971,555556882,555556882_B,Great Australian Bight - Multiple Use Zone,AUS,AUS,Marine Park,Marine Park,National,VI,Designated,2018,1,1,2018-07-01,None,0.0,0.0,0.0,22578.0,0.0,Federal or national ministry or agency,AU-DOEE,https://parksaustralia.gov.au/marine/management/plans/,Unknown,Unknown,Unknown,Unknown,8.29547498729,2.23084134662,22578,0,0,0,0,0
111,68813321,555558346,,Namuncurá - Banco Burdwood [Transition Zone],ARG,ARG,Área Marina Protegida,Marine Protected Area,National,,Designated,2013,1,1,,None,0.0,0.0,0.0,0.0,0.0,,,,Some Restrictions,Unknown,Unknown,Unknown,18.8500461808,3.0792808645,22289,1,0,537,21,34590
112,68808372,354090,,Tasman Fracture - Special Purpose Zone,AUS,AUS,Marine Park,Marine Park,National,VI,Designated,2012,1,1,2013-07-01,None,0.0,21313.0,0.0,42501.0,0.0,Federal or national ministry or agency,AU-DOEE,https://parksaustralia.gov.au/marine/management/plans/,Some Restrictions,Restricted,Year-round,Permanent,7.85770581423,2.45652475524,21312,0,0,0,0,0
113,68813308,555624810,555624810_C,Ross Sea Region [General Protection Zone (iii) Scott Seamount],ABNJ,ABNJ,Marine Protected Area (CCAMLR),Marine Protected Area (CCAMLR),International,Not Reported,Designated,2017,1,1,2017-12-01,All,21098.0,21098.0,22643.0,21098.0,22644.0,Joint governance,Commission for the Convention on Conservation of Antarctic Marine Living Resources (CCAMLR),https://www.ccamlr.org/en/measure-91-05-2016,No,Unknown,Unknown,Permanent,13.0,4.5,21102,2,31,14027,322,11117
114,5498,555512239,555512239,Milne Seamount Complex MPA,ABNJ,ABNJ,Marine Protected Area (OSPAR),Marine Protected Area (OSPAR),Regional,Not Reported,Designated,2010,1,1,,Not Reported,0.0,20913.0,20915.0,20913.0,20915.0,Collaborative governance,OSPAR Commission/Contracting Parties; other Cas,Not Reported,Yes,Yes,Unknown,Unknown,6.481933593,2.37608849958,20913,14,0,0,2960,468590
115,68808779,354090,354090_B,Tasman Fracture - Multiple Use Zone,AUS,AUS,Marine Park,Marine Park,National,VI,Designated,2012,1,1,2013-07-01,None,0.0,41808.0,41810.0,41808.0,41810.0,Federal or national ministry or agency,AU-DOEE,https://parksaustralia.gov.au/marine/management/plans/,Unknown,Unknown,Unknown,Unknown,7.03327855697,2.30184965142,20495,1,0,0,2,2121
116,68808855,555556883,555556883_B,Gulf of Carpentaria - Special Purpose Zone (Trawl),AUS,AUS,Marine Park,Marine Park,National,VI,Designated,2018,1,1,2018-07-01,None,0.0,20147.0,20263.0,20147.0,20263.0,Federal or national ministry or agency,AU-DOEE,https://parksaustralia.gov.au/marine/management/plans/,Unknown,Unknown,Unknown,Unknown,9.1822114115,1.70029513113,20147,0,0,0,0,0
117,68818540,555569948,555569948,Dakhla National Park,ESH,MAR,Parc National,National Park,National,II,Proposed,2014,1,1,,Not Reported,0.0,3788.0,3660.0,19968.0,20065.0,Federal or national ministry or agency,Department of Water and Forests,Existing,Unknown,Unknown,Unknown,Unknown,9.33136013153,1.74909956256,19969,1,0,0,15,18468
118,68812521,555587168,555587168,Valdés,ARG,ARG,Reserva de la Biósfera,UNESCO-MAB Biosphere Reserve,International,Not Applicable,Designated,2014,0,1,,Not Reported,0.0,0.0,10117.0,21379.0,19492.0,Not Reported,Not Reported,Not Reported,Unknown,Unknown,Unknown,Unknown,6.69921385588,2.13790818275,19482,113,363,165432,52739,955959
119,5497,555512238,555512238,Josephine Seamount High Seas MPA,ABNJ,ABNJ,Marine Protected Area (OSPAR),Marine Protected Area (OSPAR),Regional,Not Reported,Designated,2010,1,1,,Not Reported,0.0,19364.0,19401.0,19364.0,19401.0,Collaborative governance,OSPAR Commission/Contracting Parties; other Cas,Not Reported,Yes,Yes,Unknown,Unknown,5.69727980413,1.95770000062,19364,24,0,0,17045,466010
120,68808626,555624306,555624306_B,Caribe Mexicano Core Zone,MEX,MEX,Reserva de la Biósfera,Biosphere Reserve,National,Ia,Designated,2016,1,1,2018-11-30,Part,100.0,19228.0,19443.0,19326.0,19470.0,Federal or national ministry or agency,National Commission of Natural Protected Areas,Not Reported,Unknown,Unknown,Unknown,Unknown,11.0199272593,1.66092115693,19341,0,0,0,0,0
121,5155,354091,354091,Zeehan - Special Purpose Zone,AUS,AUS,Marine Park,Marine Park,National,VI,Designated,2012,1,1,2013-07-01,None,0.0,19896.0,19915.0,19896.0,19915.0,Federal or national ministry or agency,AU-DOEE,https://parksaustralia.gov.au/marine/management/plans/,Some Restrictions,Yes,Year-round,Permanent,7.36721790944,2.03702518054,18963,0,0,0,0,0
122,68819291,555711030,555711030,Beringiya,RUS,RUS,Beringiy,National Park,National,Ib,Designated,2013,1,1,,Not Reported,0.0,3321.0,3238.0,18194.0,18095.0,Federal or national ministry or agency,Federal Executive Authority and FSBI,Not Reported,Unknown,Unknown,Unknown,Unknown,26.0997487255,3.57085745479,18171,0,0,0,0,0
123,15019,555556907,555556907_A,Western Eyre - National Park Zone,AUS,AUS,Marine Park,Marine Park,National,II,Designated,2018,1,1,2018-07-01,All,17439.0,17437.0,17467.0,17437.0,17467.0,Federal or national ministry or agency,AU-DOEE,https://parksaustralia.gov.au/marine/management/plans/,Unknown,Unknown,Unknown,Unknown,8.07447888263,1.78035986429,17437,0,0,0,0,0
124,68819182,555705293,555705293,Cordillera de Coiba,PAN,PAN,Área de Recursos Manejados,Area of Managed Resources,National,VI,Designated,2015,1,1,,Not Reported,0.0,17212.0,17297.0,17212.0,17297.0,Federal or national ministry or agency,Ministerio de Ambiente,Not Reported,Unknown,Unknown,Unknown,Unknown,4.874858917,1.40618386734,17223,1,0,0,18,2179
125,68808297,0,,Patagonia Azul,ARG,ARG,Reserva de la Biosfera,UNESCO-MAB Biosphere Reserve,International,,Designated,2015,0,1,,Not Reported,0.0,18060.83,0.0,31020.05,0.0,,"Dirección de Planificación, Ordenamiento y Uso Público. Secretaría de Turismo y Áreas Protegidas del Chubut",,Unknown,Unknown,Unknown,Unknown,13.2781975465,1.91799659593,16846,76,17383,332538,24860,770524
126,68818687,555643735,555643735,North Kimberley,AUS,AUS,Marine Park,Marine Park,National,VI,Designated,2016,1,1,,None,0.0,16693.0,16570.0,16693.0,16791.0,Sub-national ministry or agency,AU-WA_DBCA,Not Reported,Unknown,Unknown,Unknown,Unknown,47.3802555207,1.39844053878,16693,0,0,0,0,0
127,68813138,555625730,555625730,Cay Sal Marine Managed Area,BHS,BHS,Marine Managed Area,Marine Managed Area,National,Not Reported,Designated,2015,1,1,,Not Reported,0.0,0.0,16839.0,16771.0,16854.0,Not Reported,Not Yet Designated,Not Reported,Unknown,Unknown,Unknown,Unknown,5.55655744975,1.47981981423,16678,0,0,0,0,0
128,68808871,555556907,555556907_B,Western Eyre - Multiple Use Zone,AUS,AUS,Marine Park,Marine Park,National,VI,Designated,2018,1,1,2018-07-01,None,0.0,40506.0,40603.0,40506.0,40603.0,Federal or national ministry or agency,AU-DOEE,https://parksaustralia.gov.au/marine/management/plans/,Unknown,Unknown,Unknown,Unknown,7.08475969484,1.61002889875,16106,0,0,0,0,0
129,68810152,555557017,555557017,Hatton Bank,GBR,GBR,Marine Protected Area (OSPAR),Marine Protected Area (OSPAR),Regional,Not Reported,Designated,2012,1,1,,Not Reported,0.0,15694.0,15673.0,0.0,15673.0,Collaborative governance,OSPAR Commission,http://mpa.ospar.org/home_ospar/mpa_datasheets,Unknown,Unknown,Unknown,Unknown,14.1586721239,2.44216603907,15723,11,0,0,1451,361937
130,14989,555556877,555556877_A,Eastern Recherche - National Park Zone,AUS,AUS,Marine Park,Marine Park,National,II,Designated,2018,1,1,2018-07-01,All,16073.0,15564.0,15598.0,15564.0,15598.0,Federal or national ministry or agency,AU-DOEE,https://parksaustralia.gov.au/marine/management/plans/,Unknown,Unknown,Unknown,Unknown,9.785278909,1.55207025676,15564,0,0,0,0,0
131,68819064,555703720,555703720,Farquhar Archipelago (Marine) Area of Outstanding Natural Beauty,SYC,SYC,Area of Outstanding Natural Beauty,Area of Outstanding Natural Beauty,National,Not Reported,Designated,2020,1,1,,Not Reported,0.0,14482.0,14331.0,14482.0,14337.0,Federal or national ministry or agency,"Ministry of Environment, Energy And Climate Change",Not Reported,Unknown,Unknown,Unknown,Unknown,5.48807913728,1.18091519141,14337,0,0,0,0,0
132,68819184,555705295,555705295,Banco Volcán,PAN,PAN,Área de Recursos Manejados,Area of Managed Resources,National,VI,Designated,2015,1,1,,Not Reported,0.0,14201.0,14258.0,14201.0,14269.0,Federal or national ministry or agency,Ministerio de Ambiente,Not Reported,Unknown,Unknown,Unknown,Unknown,4.627371372,1.1727642645,14212,0,0,0,0,0
133,68818594,555624866,555624866,Inner Hebrides and the Minches,GBR,GBR,Marine Protected Area (OSPAR),Marine Protected Area (OSPAR),Regional,Not Assigned,Designated,2017,1,1,,Not Reported,0.0,13813.0,13662.0,13813.0,13770.0,Collaborative governance,OSPAR Commission,http://mpa.ospar.org/home_ospar/mpa_datasheets,Unknown,Unknown,Unknown,Unknown,48.9768826834,2.05193605572,13814,149,108085,584494,121324,706000
134,5151,354087,354087_A,Murray - National Park Zone,AUS,AUS,Marine Park,Marine Park,National,II,Designated,2012,1,1,2013-07-01,All,12749.0,12749.0,12769.0,12749.0,12769.0,Federal or national ministry or agency,AU-DOEE,https://parksaustralia.gov.au/marine/management/plans/,No,Restricted,Year-round,Permanent,7.14343415253,1.31801796534,12749,0,0,0,0,0
135,68807894,0,,Northeast Canyons and Seamounts,USA,USA,Marine National Monument,Marine National Monument,,,Designated,2016,1,1,2016-11-14,None,0.0,12725.0,12687.0,12725.0,0.0,National,National Marine Fisheries Service (NMFS),,Some Restrictions,No,Year-round,Permanent,6.7589292917,1.33334023994,12699,2,54,507,2201,6335
136,5814,555542491,555542491,"KKPN KEPULAUAN ANAMBAS DAN LAUT SEKITARNYA
",IDN,IDN,Taman Wisata Perairan,Marine Recreation Park,National,VI,Designated,2014,1,1,,Part,30328.0,0.0,12578.0,0.0,12713.0,Federal or national ministry or agency,"Ministry of Marine Affairs & Fisheries (MMAF), LKKPN Pekanbaru
",Not Reported,Unknown,Unknown,Unknown,Unknown,16.5857360495,1.0283529546,12642,0,0,0,0,0
137,68808966,555556867,,Arafura - Multiple Use Zone,AUS,AUS,Marine Park,Marine Park,National,VI,Designated,2012,1,1,2018-07-01,None,0.0,0.0,0.0,12421.0,0.0,Federal or national ministry or agency,AU-DOEE,https://parksaustralia.gov.au/marine/management/plans/,Unknown,Unknown,Unknown,Unknown,5.29873518552,1.02377312144,12421,1,0,10,63,1328
138,68810119,555556968,555556968,Dogger Bank,GBR,GBR,Marine Protected Area (OSPAR),Marine Protected Area (OSPAR),Regional,Not Reported,Designated,2011,1,1,,Not Reported,0.0,12331.0,12308.0,0.0,12308.0,Collaborative governance,OSPAR Commission,http://mpa.ospar.org/home_ospar/mpa_datasheets,Unknown,Unknown,Unknown,Unknown,5.41709422727,1.72573550348,12338,49,0,0,11123,412393
139,68813339,555622118,555622118,Palau,PLW,PLW,Artisanal Fishing Zone,Artisanal Fishing Zone,National,Not Reported,Designated,2015,0,1,2020-01-01,None,0.0,0.0,0.0,0.0,0.0,Not Reported,Bureau of Oceanic Fishery Management,Not Reported,Some Restrictions,Restricted,Unknown,Unknown,9.56798958506,0.959928341638,11717,0,0,0,0,0
140,68808974,555556882,,Great Australian Bight - Special Purpose Zone (Mining Exclusion),AUS,AUS,Marine Park,Marine Park,National,VI,Designated,2012,1,1,2018-07-01,None,0.0,0.0,0.0,11654.0,0.0,Federal or national ministry or agency,AU-DOEE,https://parksaustralia.gov.au/marine/management/plans/,Unknown,Unknown,Unknown,Unknown,6.58199312306,1.11157336195,11654,0,0,0,0,0
141,68819080,555704263,555704263,Scott Islands Marine National Widllife Area,CAN,CAN,Marine National Wildlife Area,Marine National Wildlife Area,National,VI,Designated,2018,1,1,,Not Reported,0.0,11570.0,11537.0,11570.0,11565.0,Federal or national ministry or agency,"Canadian Wildlife Service, Pacific Region",https://www.canada.ca/en/environment-climate-change/services/national-wildlife-areas/locations/scott-islands-marine.html,Unknown,Unknown,Unknown,Unknown,5.32525807345,1.47332139036,11566,47,18455,211852,11112,120427
142,68819102,555704308,555704308,Laurentian Channel Marine Protected Area,CAN,CAN,Marine Protected Area,Marine Protected Area,National,Not Reported,Designated,2019,1,1,,Not Reported,0.0,11579.0,11561.0,11579.0,11561.0,Federal or national ministry or agency,Fisheries And Oceans Canada,http://www.dfo-mpo.gc.ca/oceans/mpa-zpm/laurentian-laurentien/index-eng.html,Unknown,Unknown,Unknown,Unknown,7.33016818396,1.34580407662,11554,1,104,12507,8,2799
143,68811317,555514089,555514089,Campos Hidrotermais A Sudoeste Dos Açores,PRT,PRT,Área Protegida De Gestão De Recursos,Resource Management Protected Area,National,VI,Designated,2016,1,1,,Not Reported,0.0,0.0,11057.0,11617.0,11057.0,Federal or national ministry or agency,Not Reported,Not Reported,Unknown,Unknown,Unknown,Unknown,8.96436710253,1.11777777523,11036,17,1209,207548,968,303221
144,68808461,555621660,555621660,Qausuittuq National Park Of Canada,CAN,CAN,National Park,National Park,National,II,Designated,2015,1,1,2017-08-10,Not Reported,0.0,1177.0,962.0,11008.0,1513.0,Federal or national ministry or agency,Parks Canada Agency,http://www.pc.gc.ca/,Unknown,Unknown,Unknown,Unknown,40.1962455528,3.692215015,11024,0,0,0,0,0
145,14990,555556878,555556878,Eighty Mile Beach - Multiple Use Zone,AUS,AUS,Marine Park,Marine Park,National,VI,Designated,2018,1,1,2018-07-01,None,0.0,10785.0,10841.0,10785.0,10841.0,Federal or national ministry or agency,AU-DOEE,https://parksaustralia.gov.au/marine/management/plans/,Unknown,Unknown,Unknown,Unknown,7.07451523995,0.92799358374,10785,0,0,0,0,0
146,68808166,555571016,555571016,iSimangaliso Marine Protected Area,ZAF,ZAF,Marine Protected Area,Marine Protected Area,National,Not Assigned,Designated,2019,1,1,2019-08-01,Not Reported,0.0,10710.0,10708.0,10710.0,10708.0,Federal or national ministry or agency,iSimangaliso Wetland Park Authority,Not Reported,Some Restrictions,Unknown,Unknown,Unknown,4.6416926833,0.980818417456,10708,1,72,3772,60,3672
147,68813076,555624642,555624642,Hoburgs bank och Midsjöbankarna,SWE,SWE,Special Protection Area (Birds Directive),Special Protection Area (Birds Directive),Regional,Not Reported,Designated,2016,1,1,,Not Reported,0.0,0.0,10488.0,10511.0,10485.0,Federal or national ministry or agency,Länsstyrelsen i Kalmar län,http://skyddadnatur.naturvardsverket.se/,Unknown,Unknown,Unknown,Unknown,6.28944705139,1.51868718233,10514,29,3267,93151,3965,170280
148,68808967,555556867,,Arafura - Special Purpose Zone (Trawl),AUS,AUS,Marine Park,Marine Park,National,VI,Designated,2012,1,1,2018-07-01,None,0.0,0.0,0.0,10460.0,0.0,Federal or national ministry or agency,AU-DOEE,https://parksaustralia.gov.au/marine/management/plans/,Unknown,Unknown,Unknown,Unknown,4.17537329931,0.861174144538,10460,1,0,0,478,4758
149,68809016,555556906,,West Cape York - Habitat Protection Zone,AUS,AUS,Marine Park,Marine Park,National,IV,Designated,2012,1,1,2018-07-01,None,0.0,0.0,0.0,10114.0,0.0,Federal or national ministry or agency,AU-DOEE,https://parksaustralia.gov.au/marine/management/plans/,Unknown,Unknown,Unknown,Unknown,5.24664020855,0.836967100185,10114,0,0,0,0,0
150,68808243,0,,Cagayancillo,PHL,PHL,Coastal Marine Area,Coastal Marine Area,National,,Designated,2016,1,1,2016-02-22,None,0.0,10133.4,10085.736513,10133.4,0.0,,,,Yes,Unknown,Unknown,Unknown,4.28452139724,0.83105083687,10094,0,0,0,0,0
